,timestamp,f1,f2,f3,f4,f5,f6,f7,f8,f1_output,f2_output,f3_output,f4_output,f5_output,f6_output,f7_output,f8_output
75,03/08/2025 15:07,[0.631169 0.831848],[0.794786 0.960314],[1.61025e-01 1.00000e-06 1.00000e-06],[0.451222 0.429813 0.394962 0.379438],[0.367071 0.881908 0.999999 0.999999],[2.41047e-01 2.65940e-01 4.40852e-01 8.88291e-01 1.00000e-06],[0.009173 0.376735 0.5      0.5      0.321938 0.5     ],"[1.00000e-06 1.90956e-01 1.00000e-06 1.63786e-01 5.28935e-01 6.76055e-01
 3.63307e-01 7.68085e-01]",-1.03E-29,0.212591248,-0.175652462,-0.140152945,3233.64811,-0.698695226,1.245842825,9.803536643
93,07/08/2025 10:53,[0.698329 0.802921],[0.681726 0.921718],[0.057776 0.530346 0.305513],[0.413052 0.422034 0.376392 0.426834],[0.653132 0.999999 0.999999 0.999999],[3.41085e-01 1.00000e-06 9.69553e-01 9.99999e-01 1.00000e-06],[1.00000e-06 2.09176e-01 5.00000e-01 5.00000e-01 3.51657e-01 5.00000e-01],"[1.00000e-06 6.59560e-02 1.25001e-01 3.87860e-02 6.53935e-01 5.51055e-01
 2.38307e-01 6.43085e-01]",-4.42E-25,0.491766741,-0.061019638,0.627272128,5128.441716,-1.102482954,1.417889213,9.944098893
122,17/08/2025 11:22,[0.640753 0.016461],[0.714345 0.897986],[0.993169 0.999999 0.402198],[0.41439  0.411201 0.306405 0.447356],[0.753132 0.999999 0.999999 0.999999],[0.446271 0.393211 0.515514 0.621732 0.092186],[1.00000e-06 2.30139e-01 5.00000e-01 5.00000e-01 4.93121e-01 5.00000e-01],"[1.00001e-01 1.65956e-01 2.50010e-02 1.00000e-06 7.53935e-01 4.51055e-01
 1.38307e-01 7.43085e-01]",2.84E-148,0.666531355,-0.052418286,-0.795353453,5673.295901,-0.414602472,0.938701903,9.931055347
146,24/08/2025 10:23,[0.027008 0.560328],[0.786997 0.999999],[0.5      0.277491 0.412477],[0.37197  0.423868 0.432832 0.450197],[0.853132 0.999999 0.999999 0.999999],[3.47354e-01 6.22550e-02 6.83475e-01 4.42882e-01 1.00000e-06],[1.00000e-06 2.01865e-01 5.00000e-01 5.00000e-01 1.95195e-01 5.00000e-01],"[1.00000e-06 2.65956e-01 0.00000e+00 1.00001e-01 8.53935e-01 5.51055e-01
 3.83070e-02 8.43085e-01]",-2.26E-122,0.124931849,-0.041989086,0.093989746,6527.778175,-0.854029553,1.182918697,9.851095317
173,06/09/2025 04:04,[0.208981 0.698442],[0.686951 0.913522],[0.5      0.114696 0.300735],[0.438436 0.398279 0.404791 0.458306],[0.953132 0.999999 0.999999 0.999999],[3.33774e-01 5.44069e-01 3.46564e-01 6.17161e-01 1.00000e-06],[0.106589 0.23036  0.5      0.5      0.316107 0.5     ],"[0.00000e+00 1.65956e-01 1.00000e-01 1.00000e-06 7.53935e-01 4.51055e-01
 1.38307e-01 7.43085e-01]",-1.05E-86,0.520439733,-0.107895699,-0.429622881,7836.076352,-0.822818407,1.622423946,9.941429717
208,14/09/2025 09:11,[0.966894 0.940678],[0.839709 0.999999],[0.5      0.269876 0.407511],[0.168268 0.386382 0.551789 0.365551],[0.999999 0.999999 0.999999 0.901401],[0.462697 0.389783 0.635972 0.653503 0.147087],[0.124421 0.221737 0.600828 0.5      0.313641 0.5     ],"[1.00000e-06 2.65956e-01 1.00000e-06 1.00001e-01 6.53935e-01 5.51055e-01
 3.83070e-02 6.43085e-01]",6.32E-148,0.009745686,-0.057334575,-5.503795518,7091.415869,-0.268460174,1.567070694,9.847606497
241,20/09/2025 13:42,[0.021283 0.988897],[0.67218  0.937399],[0.5      0.191576 0.365001],[0.421953 0.428919 0.411237 0.401724],[0.999999 0.999999 0.899999 0.999999],[0.520849 0.400976 0.531847 0.933879 0.194455],[0.162219 0.131959 0.523705 0.5      0.32393  0.5     ],"[9.43210e-02 1.65956e-01 1.00001e-01 1.00000e-06 7.53935e-01 4.51055e-01
 1.38307e-01 5.43085e-01]",0,0.444325703,-0.071833959,0.604151121,7073.38017,-0.5455692,1.692761145,9.963088795
268,27/09/2025 12:58,[0.996911 0.076847],[0.801533 0.955379],[0.5      0.28267  0.415939],[0.445073 0.427203 0.388411 0.391977],[0.999999 0.899999 0.999999 0.999999],[0.537507 0.367375 0.615759 0.709401 0.215312],[0.157929 0.143624 0.532166 0.603725 0.312633 0.5     ],"[0.00000e+00 2.65956e-01 1.00000e-06 1.00001e-01 8.53935e-01 5.51055e-01
 3.83070e-02 6.43085e-01]",1.83E-306,-0.159243756,-0.038188293,0.043579644,7073.38017,-0.388955935,1.004388222,9.856819097
